tweetId,topic,multimodal,op_followers_count
1087062225754312704,Other / Miscellaneous,image,14737
1700341593658491236,Science & Technology,video,1298816
1704779078430044463,Conspiracy & Pseudoscience,video,5880
1786103057832387041,Geopolitics & International Conflicts,video,287779
1813690986939445661,Politics & Elections,text,22294
1821462832027979940,Social/Cultural Issues,image,49799
1837526865331753186,Celebrity / Entertainment / Viral,video,39438
1843697133867900971,Science & Technology,video,168506
1861861427247755727,Sports,image,26840
1861908050572988497,Other / Miscellaneous,image,537317
1873301710187462801,Geopolitics & International Conflicts,text,124054
1911509104259981651,Social/Cultural Issues,video,43286
1918265468076605706,Celebrity / Entertainment / Viral,image,22963375
1934345439085519069,Celebrity / Entertainment / Viral,image,4674
1940230980557840461,Science & Technology,video,2714
1940784544367722678,Geopolitics & International Conflicts,video,276400
1943881235677557086,Celebrity / Entertainment / Viral,image,441
1955227180965019942,Politics & Elections,image,665280
1956032644476510561,Geopolitics & International Conflicts,image,27513
1967265369631985835,Geopolitics & International Conflicts,text,485
1973387435750101211,Social/Cultural Issues,image,1640
1975843808161169652,Other / Miscellaneous,text,334439
1976618794437972378,Other / Miscellaneous,image,382934
1979833944548966904,Other / Miscellaneous,text,13675
1980666946074100069,Health & Medicine,image,889292
1980969975452999839,Health & Medicine,image,138721
1982057252811862313,Other / Miscellaneous,video,27835
1983153940612198705,Social/Cultural Issues,text,6181
1983776379226435796,Social/Cultural Issues,image,40816
1984084756271620390,Geopolitics & International Conflicts,video,3189903
1984225589281333478,Celebrity / Entertainment / Viral,image,76599
1984303790388875644,Social/Cultural Issues,image,34120
1984315669840539781,Social/Cultural Issues,video,138419
1984328287980490905,Economy & Finance,text,382935
1984356702981144719,Politics & Elections,text,2050
1984420036598251910,Politics & Elections,video,1390837
1984432436705436065,Other / Miscellaneous,text,1383
1984473120414244927,Politics & Elections,image,549335
1984480725199204373,Geopolitics & International Conflicts,text,9970265
1984560144965927126,Geopolitics & International Conflicts,text,73353
1984568599760306379,Social/Cultural Issues,video,471022
1984615856027156641,Geopolitics & International Conflicts,image,56705
1984625412358459842,Social/Cultural Issues,image,533786
1984635904833831173,Other / Miscellaneous,image,152988
1984636598051614864,Sports,image,181331
1984660339523535223,Politics & Elections,text,3890
1984660640376529298,Politics & Elections,text,84400
1984665449657712813,Other / Miscellaneous,text,1665366
1984675406134272332,Other / Miscellaneous,text,6777
1984681253640253772,Politics & Elections,image,244740
1984693327111856584,Social/Cultural Issues,video,231705
1984709204469223934,Politics & Elections,image,149728
1984724375233253865,Politics & Elections,text,1929011
1984728535840538992,Other / Miscellaneous,image,1132
1984729789513789923,Social/Cultural Issues,video,265379
1984746300017869076,Social/Cultural Issues,image,177946
1984753911350378960,Other / Miscellaneous,text,84140
1984772942241120665,Geopolitics & International Conflicts,video,141437
1984839179520418214,Science & Technology,image,468915
1984864309474644034,Geopolitics & International Conflicts,video,116552
1984903708686098738,Geopolitics & International Conflicts,image,803903
1984938919088312528,Politics & Elections,image,33812
1984960471615865121,Celebrity / Entertainment / Viral,text,3802
1984996874814722205,Politics & Elections,image,171380
1985037047694766533,Celebrity / Entertainment / Viral,image,274
1985156497815285860,Politics & Elections,image,164748
1985161520162980267,Other / Miscellaneous,image,7741
1985193092954140946,Sports,image,2615
1985197649641771398,Politics & Elections,image,1292956
1985198183329255522,Politics & Elections,video,304848
1985225187374358545,Politics & Elections,text,1082226
1985229936081182818,Geopolitics & International Conflicts,image,1050265
1985260930687766724,Economy & Finance,image,219327
1985267440507630017,Geopolitics & International Conflicts,image,5547773
1985269348307513396,Politics & Elections,video,10456
1985269568634528138,Social/Cultural Issues,video,97973
1985376422903566503,Other / Miscellaneous,video,4349450
1985383070304780320,Other / Miscellaneous,video,557440
1985415071380750404,Politics & Elections,video,335888
1985431300275077539,Science & Technology,image,755
1985433270507749664,Politics & Elections,text,241072194
1985436898802966614,Social/Cultural Issues,image,64416
1985444392967246067,Politics & Elections,image,277964
1985472809565315243,Politics & Elections,image,1292956
1985479819115757645,Other / Miscellaneous,image,252489
1985498979803811887,Social/Cultural Issues,video,6130294
1985518918224806277,Social/Cultural Issues,text,70062
1985563087219356031,Sports,text,44138
1985608572244541677,Health & Medicine,image,198812
1985692613010502114,Politics & Elections,image,241072194
1985712466542641174,Social/Cultural Issues,image,143365
1985744077070184900,Celebrity / Entertainment / Viral,text,9157
1985747628714573939,Politics & Elections,image,155592
1985750255288402000,Celebrity / Entertainment / Viral,image,51542
1985754009970585693,Politics & Elections,video,14197
1985766913650409529,Economy & Finance,text,100452
1985773995141337513,Geopolitics & International Conflicts,video,254974
1985861020997366182,Other / Miscellaneous,text,232270
1985888482854924749,Politics & Elections,video,1390837
1985888645362885107,Geopolitics & International Conflicts,text,331831
1985889387696308323,Social/Cultural Issues,video,15059
1985900698102272091,Politics & Elections,text,86204
1985907564383473847,Politics & Elections,text,1474819
1985917441336360981,Celebrity / Entertainment / Viral,video,12063
1985928359075856507,Politics & Elections,text,1445
1985928770977472932,Celebrity / Entertainment / Viral,image,642
1985951377034784957,Science & Technology,image,13423
1985973551535734839,Social/Cultural Issues,text,4762
1985974745402421573,Health & Medicine,video,1383038
1985994220055007665,Geopolitics & International Conflicts,video,90767
1985998120342471066,Economy & Finance,image,16944
1986015272893886765,Social/Cultural Issues,image,84927
1986015587446005917,Politics & Elections,video,121047
1986041593003114515,Social/Cultural Issues,text,12502
1986078646822466011,Social/Cultural Issues,text,93391
1986080183774822726,Social/Cultural Issues,image,472270
1986085500680093800,Politics & Elections,image,134202
1986104013310357672,Social/Cultural Issues,video,1361954
1986104366521045387,Politics & Elections,video,17935
1986145098720231926,Celebrity / Entertainment / Viral,text,299060
1986148655649198176,Geopolitics & International Conflicts,image,665280
1986156623698796615,Politics & Elections,text,1397
1986157291167477995,Politics & Elections,text,51526
1986169928466960650,Geopolitics & International Conflicts,image,287780
1986171488207012107,Celebrity / Entertainment / Viral,text,193
1986173776485105840,Social/Cultural Issues,video,77676
1986176977670140211,Geopolitics & International Conflicts,image,26217061
1986202022119461352,Politics & Elections,video,672603
1986216885151797686,Celebrity / Entertainment / Viral,image,30264
1986223456384380964,Social/Cultural Issues,text,175
1986226032182181967,Social/Cultural Issues,video,512957
1986308962778574909,Social/Cultural Issues,text,141
1986335364659970473,Social/Cultural Issues,image,392
1986381792606363748,Social/Cultural Issues,text,16811
1986383148788093339,Economy & Finance,image,1159571
1986420136593531035,Social/Cultural Issues,video,8231
1986440557028053158,Geopolitics & International Conflicts,text,287779
1986476676004651466,Science & Technology,image,11689
1986481598330782117,Politics & Elections,video,766535
1986492445467492668,Sports,image,457518
1986500863154930119,Sports,video,73931
1986502624800026629,Politics & Elections,text,238869
1986532597862642095,Sports,image,258425
1986532653445927009,Other / Miscellaneous,text,29922
1986554457044451499,Other / Miscellaneous,video,83083
1986565789110112686,Economy & Finance,text,886027
1986568444418957483,Science & Technology,text,29922
1986572911138967617,Sports,image,155265
1986581251550240903,Geopolitics & International Conflicts,image,107713
1986667011653705894,Social/Cultural Issues,image,164
1986732013416571262,Science & Technology,text,3019
1986750686235627963,Geopolitics & International Conflicts,text,444861
1986756305772798072,Social/Cultural Issues,text,55706
1986803827459367139,Sports,image,33392
1986808881880961285,Politics & Elections,video,18006
1986871648352628964,Other / Miscellaneous,image,32022
1986884931629244831,Politics & Elections,text,2454263
1986889088004227508,Celebrity / Entertainment / Viral,video,1824
1986894441165341064,Other / Miscellaneous,image,339
1986916077817725283,Health & Medicine,image,91218
1986933758487109741,Economy & Finance,image,472739
1986936239790973162,Science & Technology,image,19787
1986964165035188536,Geopolitics & International Conflicts,text,964912
1986985064756879623,Science & Technology,video,2488787
1987001004777251119,Social/Cultural Issues,video,28750
1987031703374704748,Politics & Elections,video,20063
1987082563236528577,Other / Miscellaneous,video,250339
1987094933925163237,Celebrity / Entertainment / Viral,text,843
1987116931862716591,Celebrity / Entertainment / Viral,image,5421
1987127978820767814,Politics & Elections,video,1390837
1987151516755493169,Sports,video,1505310
1987192518275190903,Politics & Elections,image,263577
1987277959506301311,Geopolitics & International Conflicts,video,48057
1987294067538137197,Celebrity / Entertainment / Viral,text,685217
1987317293269848242,Celebrity / Entertainment / Viral,text,10961
1987405436782584114,Social/Cultural Issues,image,2965
1987450153096163458,Politics & Elections,text,42253294
1987528064406794488,Celebrity / Entertainment / Viral,image,1607
1987559414006780227,Other / Miscellaneous,text,2362723
1987583914374779365,Politics & Elections,text,14951148
1987593617926664258,Science & Technology,text,945760
1987606511053357157,Politics & Elections,image,79991
1987614922369642569,Other / Miscellaneous,video,123622
1987620710265790547,Science & Technology,video,24322
1987653983486566784,Politics & Elections,text,112405
1987683402057711647,Other / Miscellaneous,image,6961
1987697062729662628,Politics & Elections,video,138420
1987702161413648635,Politics & Elections,text,1117062
1987709632517747029,Politics & Elections,text,180330
1987781121082315123,Social/Cultural Issues,image,6188
1987859864375234766,Other / Miscellaneous,video,432053
1987878911804625384,Social/Cultural Issues,image,32164
1987888154204836063,Politics & Elections,video,14254
1987895317153423441,Other / Miscellaneous,text,782044
1987907599740850354,Politics & Elections,text,370579
1987914938044563753,Geopolitics & International Conflicts,video,162545
1987919920378659266,Social/Cultural Issues,video,228145
1987946383429824940,Conspiracy & Pseudoscience,video,788
1987997632447607054,Politics & Elections,video,78680
1988023994138980633,Politics & Elections,text,105907
1988037766513651863,Social/Cultural Issues,text,14
1988074242865565898,Politics & Elections,video,1159571
1988090585912406377,Celebrity / Entertainment / Viral,image,34266
1988102940234838491,Social/Cultural Issues,video,483261
1988168652714307639,Geopolitics & International Conflicts,image,89
1988221711918248029,Conspiracy & Pseudoscience,text,40771
1988294394731221388,Celebrity / Entertainment / Viral,image,270596
1988318542102478908,Celebrity / Entertainment / Viral,image,571453
1988339223968243829,Other / Miscellaneous,image,2902
1988377318109430103,Conspiracy & Pseudoscience,video,90187
1988387112618782823,Politics & Elections,text,6143
1988410589463625809,Social/Cultural Issues,image,31011
1988414770815414366,Health & Medicine,image,63554
1988556648873672935,Celebrity / Entertainment / Viral,image,12913
1988566214499553549,Economy & Finance,video,36846
1988570227974565928,Politics & Elections,video,211119
1988587958673535032,Politics & Elections,image,66454
1988639953425736035,Geopolitics & International Conflicts,video,14254
1988645662465139197,Sports,video,9136
1988683266464121278,Politics & Elections,image,1979242
1988689272766099752,Politics & Elections,text,113055
1988690923400892495,Economy & Finance,image,5847660
1988706061508047110,Science & Technology,image,460804
1988708374943617289,Celebrity / Entertainment / Viral,text,2288988
1988743364351799618,Politics & Elections,video,563358
1988771301297909774,Other / Miscellaneous,video,27811
1988777205426704665,Other / Miscellaneous,image,15510
1988852790110683341,Other / Miscellaneous,video,15134
1988856568390001097,Science & Technology,image,86
1988870005060927701,Social/Cultural Issues,image,1720031
1988887054865035403,Celebrity / Entertainment / Viral,video,147610
1988902750566879731,Economy & Finance,text,88558
1988940512557228285,Other / Miscellaneous,image,17073
1988956947190616397,Politics & Elections,image,895847
1988972209013158059,Politics & Elections,image,4145989
1988978205546693010,Social/Cultural Issues,text,28704
1988979643878170911,Politics & Elections,text,1951795
1989001062909436381,Celebrity / Entertainment / Viral,image,1349367
1989005388671496604,Politics & Elections,image,1951796
1989023533645853089,Other / Miscellaneous,image,19170
1989043446850388480,Geopolitics & International Conflicts,text,49722
1989085031151858093,Geopolitics & International Conflicts,text,333113
1989086958883110989,Politics & Elections,video,1118026
1989094287934693857,Politics & Elections,video,3972
1989103221651173752,Celebrity / Entertainment / Viral,image,102202
1989159083140870653,Politics & Elections,video,39867
1989160569115668804,Politics & Elections,text,46488
1989216945439129955,Geopolitics & International Conflicts,image,49722
1989284062016811049,Celebrity / Entertainment / Viral,text,13122
1989284101304865073,Celebrity / Entertainment / Viral,image,296
1989287836281926084,Health & Medicine,text,28704
1989294871539020219,Economy & Finance,image,978490
1989325616030548400,Celebrity / Entertainment / Viral,text,14331
1989335787704300021,AI generated content,text,15
1989351030874911118,Sports,image,5308
1989368392986599736,Politics & Elections,text,504235
1989389912077185327,Geopolitics & International Conflicts,image,20547
1989390863081083372,Politics & Elections,text,4081182
1989394016430149856,Sports,text,79509
1989418714152972423,Other / Miscellaneous,image,60369
1989425021060542863,Geopolitics & International Conflicts,video,9970265
1989426650304684511,Geopolitics & International Conflicts,image,3665
1989449108072140885,Sports,image,6237644
1989487622201155901,Politics & Elections,image,58436
1989503868703559706,Politics & Elections,image,1159571
1989541273066217832,Sports,video,13585
1989555703430709477,Politics & Elections,text,15336
1989604642376892545,Celebrity / Entertainment / Viral,image,123976
1989655155361599585,Geopolitics & International Conflicts,text,11780
1989663245318124005,Health & Medicine,image,930981
1989723335844917581,Celebrity / Entertainment / Viral,image,1347078
1989723466409689553,Geopolitics & International Conflicts,video,65424
1989727669014114787,Celebrity / Entertainment / Viral,image,201917
1989734429695332466,Science & Technology,image,82740
1989758193640341560,Celebrity / Entertainment / Viral,image,74796
1989772398141546710,Politics & Elections,image,23768
1989782927056802112,Politics & Elections,video,120650
1989783050335801776,Politics & Elections,text,14250
1989798317354885226,Politics & Elections,image,20345025
1989830791338119459,Politics & Elections,text,200842
1989861569451205000,Politics & Elections,image,3856776
1989901696047448509,Other / Miscellaneous,image,122826
1989922859058434262,Other / Miscellaneous,image,169043
1989926449609134243,Politics & Elections,image,3538338
1989943152975966348,Social/Cultural Issues,video,877
1989971022003790073,Other / Miscellaneous,image,31483
1990054156837773804,Health & Medicine,image,17729
1990077471002148917,Social/Cultural Issues,image,80147
1990107625136984538,Politics & Elections,image,1159571
1990119062307827903,Celebrity / Entertainment / Viral,video,1691970
1990127031351197979,Social/Cultural Issues,text,304016
1990173628206616582,Politics & Elections,text,508771
1990182752558428565,Science & Technology,text,558446
1990265183839932451,Politics & Elections,image,1364934
1990316453430710283,Science & Technology,text,5804182
1990361340159103215,Social/Cultural Issues,text,9199
1990384542578794607,Conspiracy & Pseudoscience,video,13323
1990415083688656981,Social/Cultural Issues,video,28072
1990434826264973654,Politics & Elections,text,469050
1990471095032689028,Social/Cultural Issues,image,58212
1990476353800712272,Politics & Elections,image,2343
1990500616125272187,Economy & Finance,image,138491
1990538767627923920,Politics & Elections,text,621112
1990540955745714558,Celebrity / Entertainment / Viral,text,137468
1990544355547845015,Social/Cultural Issues,text,170550
1990545965858836649,Politics & Elections,image,580415
1990548756392034459,Politics & Elections,video,301377
1990590945432305807,Social/Cultural Issues,text,13837
1990625757069000989,Social/Cultural Issues,text,27916
1990645765245710553,Social/Cultural Issues,image,219653
1990676476291842316,Celebrity / Entertainment / Viral,video,77722
1990694424964153657,Politics & Elections,text,17670
1990766912335491548,Other / Miscellaneous,image,4304
1990786086562668668,Social/Cultural Issues,text,132162
1990788636795679057,Politics & Elections,text,8104
1990802044450418877,Science & Technology,image,22091
1990804714380824915,Social/Cultural Issues,text,100886
1990811732843888767,Sports,image,10427
1990826492557697494,Politics & Elections,text,78841
1990827136123638190,Conspiracy & Pseudoscience,video,376389
1990828228101931420,Geopolitics & International Conflicts,video,593414
1990836235158630900,Politics & Elections,video,766535
1990872101293863250,Celebrity / Entertainment / Viral,video,73015
1990879682498122220,Other / Miscellaneous,image,6907
1990879999721881628,Economy & Finance,image,17243
1990885214357213274,Social/Cultural Issues,text,271
1990889199956828225,Politics & Elections,video,1501363
1990891896474923221,Other / Miscellaneous,image,1351
1990913337765302429,Health & Medicine,text,2060296
1990916744492265668,Geopolitics & International Conflicts,image,97093
1990941126878994638,Other / Miscellaneous,video,39188
1990943687346696629,Politics & Elections,image,131852
1991062634087567541,Celebrity / Entertainment / Viral,image,2950
1991118838101065739,Celebrity / Entertainment / Viral,image,18068
1991198192050803032,Politics & Elections,text,1686124
1991198913550819469,Economy & Finance,text,441694
1991220894266466602,Politics & Elections,text,16216503
1991226708012220726,Politics & Elections,text,480019
1991245455880016038,Celebrity / Entertainment / Viral,image,59753
1991253799462162930,Celebrity / Entertainment / Viral,video,56436
1991272259366056308,Other / Miscellaneous,text,42341
1991306067607695823,Social/Cultural Issues,video,31925
1991338319540809798,Social/Cultural Issues,text,116748
1991373251021533686,Other / Miscellaneous,image,104491
1991386333047320902,Celebrity / Entertainment / Viral,image,6746
1991467381605167217,Celebrity / Entertainment / Viral,image,42034
1991485587078148605,Geopolitics & International Conflicts,video,47781
1991513878795284716,Economy & Finance,text,4072232
1991552110467633579,Social/Cultural Issues,video,278177
1991566977589211368,Social/Cultural Issues,text,34668
1991573992730423539,Economy & Finance,image,15198
1991585404852793667,Social/Cultural Issues,image,394527
1991610409024164126,Politics & Elections,image,77753
1991611162140811370,Social/Cultural Issues,image,28496
1991626705702973453,Sports,text,40427
1991640556968255879,Politics & Elections,text,109352
1991642496388989210,Geopolitics & International Conflicts,text,467
1991681077841166429,Health & Medicine,text,10806
1991872093240119693,Social/Cultural Issues,text,4698
1991895679002960232,Other / Miscellaneous,image,181559
1991903918717378710,Other / Miscellaneous,image,29949
1991905382017515779,Geopolitics & International Conflicts,image,163953
1991914809575834032,Celebrity / Entertainment / Viral,image,339731
1991922662608879806,Other / Miscellaneous,image,57458
1991923698824061164,Social/Cultural Issues,video,156390
1991947133910421705,Other / Miscellaneous,image,461953
1991968470137966702,Geopolitics & International Conflicts,image,18211
1991972995234254950,Celebrity / Entertainment / Viral,image,1800
1991974906477924854,Social/Cultural Issues,text,9502789
1991982803966464328,Science & Technology,image,594817
1992028605053063646,Science & Technology,image,4713
1992040712351691142,Politics & Elections,image,133000
1992081903370096993,Celebrity / Entertainment / Viral,text,2408
1992097171403944031,Politics & Elections,video,166450
1992098165030609013,Geopolitics & International Conflicts,image,8964
1992109795026104627,Politics & Elections,video,9417091
1992128124289794499,Geopolitics & International Conflicts,image,304846
1992170176687583386,Other / Miscellaneous,video,166966
1992214825993388311,Politics & Elections,text,73031
1992219511823446371,Other / Miscellaneous,image,7230
1992256544709476476,Celebrity / Entertainment / Viral,image,5511
1992298081266926051,Geopolitics & International Conflicts,text,51
1992330998726660343,Health & Medicine,image,31901
1992331079194485022,Geopolitics & International Conflicts,text,92423
1992367164259733743,Health & Medicine,image,12969
1992377696593252817,Politics & Elections,image,4072241
1992387357467898100,Social/Cultural Issues,image,543121
1992408713177739403,Politics & Elections,text,91522
1992472041526849830,Sports,video,7447
1992475521163448634,Other / Miscellaneous,image,7524
1992493705618739402,Science & Technology,image,1429734
1992510308133326890,Science & Technology,image,76787
1992511855999480244,Other / Miscellaneous,image,4434
1992652672068112670,Geopolitics & International Conflicts,text,96222
1992690197268779487,Politics & Elections,image,567178
1992714777575997712,Sports,video,5810701
1992718947607556559,Social/Cultural Issues,video,160131
1992720385192923436,Sports,image,5107
1992731116961157425,Economy & Finance,video,354506
1992753989092511998,Celebrity / Entertainment / Viral,video,402822
1992798959971246545,Politics & Elections,text,164853
1992823527435858140,Other / Miscellaneous,image,19479
1992834600138424652,Geopolitics & International Conflicts,image,201915
1992855896318452222,Social/Cultural Issues,image,139354
1992866811449344414,Social/Cultural Issues,video,1175641
1992915706204283091,Economy & Finance,video,81121
1992917476905242889,Geopolitics & International Conflicts,video,218422
1992943752433012870,Politics & Elections,image,5064002
1992948655238877508,Social/Cultural Issues,video,44482
1992961442035773664,Politics & Elections,text,9296580
1992979978401857658,Other / Miscellaneous,image,37697
1992986903386394974,Other / Miscellaneous,image,15234
1992988899984191665,Sports,image,4706
1992990099210977438,Geopolitics & International Conflicts,text,195737
1992999052125126688,Other / Miscellaneous,image,19479
1993000006325031255,Sports,text,7433
1993010204363862393,Social/Cultural Issues,text,95
1993019136478462226,Health & Medicine,video,1390835
1993031967923736787,Other / Miscellaneous,image,128982
1993061283198124185,Geopolitics & International Conflicts,video,1024393
1993065506598011254,Social/Cultural Issues,text,584220
1993075822358565170,Geopolitics & International Conflicts,text,56002
1993076235124224262,Other / Miscellaneous,text,3071
1993088722188034381,Politics & Elections,video,29322
1993100619931074593,Social/Cultural Issues,text,347029
1993165965429964982,Celebrity / Entertainment / Viral,image,1035089
1993173050486145415,Conspiracy & Pseudoscience,video,176204
1993182698635202725,Social/Cultural Issues,text,110
1993253257544655288,Conspiracy & Pseudoscience,text,119853
1993279915890974764,Other / Miscellaneous,image,3237
1993282020802543680,Celebrity / Entertainment / Viral,image,65235
1993329217975583113,Politics & Elections,video,6327
1993332817359782378,Celebrity / Entertainment / Viral,image,5913
1993357772981780750,Other / Miscellaneous,image,1034551
1993376692484866468,Science & Technology,image,209762
1993384018935488628,Politics & Elections,text,225213
1993388017852334456,Social/Cultural Issues,text,5077124
1993393468157424048,Politics & Elections,image,286075
1993393849914605676,Politics & Elections,image,2346495
1993395076261986432,Politics & Elections,image,169604
1993449259136667766,Politics & Elections,text,511364
1993450413388185750,Politics & Elections,text,449692
1993467522558087411,Geopolitics & International Conflicts,video,61237
1993491303196508584,Social/Cultural Issues,text,14664
1993515154210967845,Celebrity / Entertainment / Viral,text,38626
1993516749137039629,Politics & Elections,image,101222
1993531658952425783,Social/Cultural Issues,video,24616
1993572118366503312,Geopolitics & International Conflicts,image,11586
1993580175078928453,Other / Miscellaneous,video,182013
1993599385406468170,Other / Miscellaneous,image,1175641
1993605680159457712,Geopolitics & International Conflicts,image,541746
1993618224106103217,Other / Miscellaneous,image,30848
1993631318375067995,Social/Cultural Issues,text,308778
1993656542063718709,Social/Cultural Issues,text,90619
1993721103802618250,Celebrity / Entertainment / Viral,text,2871
1993736475368636877,Politics & Elections,text,84140
1993739984285913498,Other / Miscellaneous,video,639
1993742661195583825,Politics & Elections,video,166316
1993747674420621777,Geopolitics & International Conflicts,video,69091
1993775453669347731,Politics & Elections,image,30608
1993777717603385612,Social/Cultural Issues,image,180283
1993778837738672498,Social/Cultural Issues,video,24904
1993781604209062309,Sports,video,40158
1993788458595438684,Social/Cultural Issues,image,6686
1993795698870112629,Social/Cultural Issues,image,81880
1993806645047222369,Sports,image,471
1993839479816339921,Politics & Elections,video,426194
1993854177777205719,Social/Cultural Issues,text,348
1993862308540633159,Politics & Elections,text,5530722
1993862719322378579,Politics & Elections,text,121889
1993922972802052147,Social/Cultural Issues,text,156433
1993949741970018580,Politics & Elections,text,101914
1993958216590598571,Sports,image,156491
1993965643977420812,Other / Miscellaneous,image,49841
1993976457975206036,Social/Cultural Issues,text,190391
1994008300179083415,Politics & Elections,video,23042417
1994014600753295844,Other / Miscellaneous,text,202929
1994019655669698807,Other / Miscellaneous,video,122526
1994021010081714438,Geopolitics & International Conflicts,image,1151216
1994037079412473932,Celebrity / Entertainment / Viral,text,7325
1994043445053411581,Other / Miscellaneous,image,2359
1994047420313870667,Science & Technology,video,1175644
1994049108383027230,Sports,image,917
1994066652237869545,Geopolitics & International Conflicts,video,431179
1994101260824514803,Other / Miscellaneous,image,166450
1994120859607548290,Science & Technology,video,250114
1994148688126726609,Social/Cultural Issues,video,1175641
1994152995060101482,Sports,image,2437492
1994178272498733102,Sports,text,10903
1994243340074688694,Social/Cultural Issues,text,3856
1994253557420204036,Politics & Elections,image,653129
1994260426184642896,Geopolitics & International Conflicts,video,242735
1994272683387687053,Politics & Elections,text,111769094
1994298772562849933,Celebrity / Entertainment / Viral,image,48293
1994358224946864394,Geopolitics & International Conflicts,video,445817
1994376054061084894,Social/Cultural Issues,text,2101
1994406191351423011,Geopolitics & International Conflicts,text,425616
1994437323279233423,Celebrity / Entertainment / Viral,video,1691970
1994453764850299008,Other / Miscellaneous,text,27
1994454275901042994,Geopolitics & International Conflicts,video,70826
1994464816556048860,Geopolitics & International Conflicts,image,125024
1994465411463520472,Other / Miscellaneous,video,20505
1994589684102828181,Politics & Elections,image,144409
1994591425376428325,Celebrity / Entertainment / Viral,text,74126
1994637529791029525,Other / Miscellaneous,video,359
1994655789932576941,Economy & Finance,text,3870789
1994727378334224497,Social/Cultural Issues,image,18593
1994739129452818450,Social/Cultural Issues,video,64823
1994745326444376340,Celebrity / Entertainment / Viral,image,204
1994765935710818406,Geopolitics & International Conflicts,text,3304599
1994775227444941049,Other / Miscellaneous,image,2184
1994782375612649592,Celebrity / Entertainment / Viral,text,12262
1994800172006854981,Politics & Elections,video,387949
1994807117094559762,Social/Cultural Issues,video,2034461
1994817573377249437,Social/Cultural Issues,image,357354
1994859291480588718,Health & Medicine,text,5077124
1994886834262806648,Social/Cultural Issues,video,80751
1994923287927833053,Celebrity / Entertainment / Viral,text,256714
1994931490107379767,Sports,image,8292
1994941758401311177,Other / Miscellaneous,text,48
1994965749883081084,Economy & Finance,video,1603603
1994992253715320859,Sports,text,143981
1994996549789872534,Geopolitics & International Conflicts,video,1979223
1995006455120814329,Social/Cultural Issues,video,166450
1995009017559568802,Social/Cultural Issues,text,17555
1995017975825666131,Geopolitics & International Conflicts,image,20773
1995108872936165468,Politics & Elections,image,2084
1995109798178652641,Celebrity / Entertainment / Viral,video,2034461
1995120629419577779,Other / Miscellaneous,video,4349449
1995137680292622520,Politics & Elections,image,377822
1995144961084227815,Other / Miscellaneous,video,63701
1995149104696152188,Politics & Elections,text,90633
1995159395987263584,Economy & Finance,video,273380
1995225614698316244,Sports,text,15602
1995228961299898815,Politics & Elections,video,231932
1995230559422087293,Celebrity / Entertainment / Viral,image,76754
1995232015013335504,Social/Cultural Issues,image,223786
1995237746403844150,Geopolitics & International Conflicts,image,94597
1995238750411256233,Politics & Elections,video,580415
1995279639430959126,Politics & Elections,text,1929012
1995365771451777190,Politics & Elections,image,6118
1995382613134196905,Celebrity / Entertainment / Viral,video,238704
1995410204951793715,Celebrity / Entertainment / Viral,text,16223278
1995530992291893747,Politics & Elections,video,85853
1995561834393534758,Celebrity / Entertainment / Viral,video,712164
1995573415361871940,Politics & Elections,video,672603
1995595384794832900,Politics & Elections,text,111224
1995610149457986030,Social/Cultural Issues,image,6158
1995630578725503280,Politics & Elections,image,547729
1995642101779124476,Politics & Elections,text,765646
1995645875071095262,Politics & Elections,video,547726
1995671143613956176,Sports,image,6024
1995677435090898961,Geopolitics & International Conflicts,image,98503
1995698539666833765,Social/Cultural Issues,text,15166
1995708803916935281,Geopolitics & International Conflicts,video,152881
1995738312355533032,Health & Medicine,video,4841
1995770626368319734,Economy & Finance,text,46464
1995785677967860123,Politics & Elections,image,10453
1995790210479915026,Politics & Elections,image,32571
1995805779828318377,Social/Cultural Issues,text,547729
1995828415555911919,Sports,image,94635
1995900693769552168,Sports,text,135860
1996017880337711529,Politics & Elections,text,18
1996038332535730531,Politics & Elections,image,216397
1996061865063927850,Other / Miscellaneous,text,578384
1996135318878327212,Social/Cultural Issues,image,35040
1996175217274806460,Geopolitics & International Conflicts,image,338776
1996207749382987966,Science & Technology,image,25973
1996210775954989558,Geopolitics & International Conflicts,text,24725
1996233203233833300,Social/Cultural Issues,image,426194
1996233691194921148,Geopolitics & International Conflicts,image,186273
1996236760599126415,Celebrity / Entertainment / Viral,video,957435
1996243212923490427,Other / Miscellaneous,text,143
1996277697451049362,Other / Miscellaneous,video,129325
1996278491075997930,Health & Medicine,image,17984
1996286207836246019,Social/Cultural Issues,text,73222
1996291139070988568,Geopolitics & International Conflicts,image,1323379
1996322094624153733,Social/Cultural Issues,text,263696
1996331556013752533,Sports,video,3337550
1996337532628574456,Sports,image,385015
1996373635557474407,Geopolitics & International Conflicts,text,188816
1996380101441958374,Politics & Elections,text,580435
1996392907608334617,Sports,image,28541541
1996419243320266980,Other / Miscellaneous,image,32633
1996448250132631824,Celebrity / Entertainment / Viral,text,167681
1996479630568784342,Sports,image,146834
1996494990642684279,Politics & Elections,image,22434
1996513424176746619,Geopolitics & International Conflicts,image,244740
1996514622116110603,Science & Technology,text,1152
1996520699863662871,Politics & Elections,video,1550205
1996616213867438519,Politics & Elections,image,1812122
1996617221125357674,Politics & Elections,text,180
1996629296019132698,Politics & Elections,text,529437
1996632821398753409,Social/Cultural Issues,text,4628
1996633229005336785,Social/Cultural Issues,text,886259
1996640548883681478,Social/Cultural Issues,text,146
1996644396645933183,Sports,text,13681
1996652555032842464,Other / Miscellaneous,video,4249893
1996659088886059479,Geopolitics & International Conflicts,image,248188
1996679454526234842,Health & Medicine,image,16472
1996703015559221388,AI generated content,image,10274
1996759040438018208,Other / Miscellaneous,video,415604
1996771183459815495,Sports,video,32239
1996941647762866399,Other / Miscellaneous,video,77683
1996945925822939407,Economy & Finance,image,193709
1996974618834612278,Celebrity / Entertainment / Viral,video,33993
1996988507173065018,Science & Technology,video,1175644
1997012570691997890,Science & Technology,text,1366696
1997019640166244556,Health & Medicine,text,16
1997028635778171196,Celebrity / Entertainment / Viral,text,19178
1997043733960016261,Politics & Elections,text,49034
1997044926589423980,Other / Miscellaneous,text,2977826
1997051779255882084,Politics & Elections,text,4517782
1997085053675786362,Geopolitics & International Conflicts,text,142889
1997193909202735503,Politics & Elections,text,1581477
1997213515505918438,Other / Miscellaneous,video,48831
1997248288446361659,Sports,image,146232
1997290300390457586,Social/Cultural Issues,text,241072191
1997304458687242537,Celebrity / Entertainment / Viral,image,4662
1997318809653244137,Celebrity / Entertainment / Viral,video,6587
1997336480797376962,Social/Cultural Issues,video,772069
1997340896040288504,Conspiracy & Pseudoscience,video,2488789
1997376714834374853,Economy & Finance,video,265920
1997396069106205093,Science & Technology,image,336695
1997397502786461738,Social/Cultural Issues,video,34660
1997398902639595790,Social/Cultural Issues,image,352324
1997407724783775877,Politics & Elections,image,141941
1997411086018986002,Politics & Elections,video,154753
1997453523353743547,Celebrity / Entertainment / Viral,image,428
1997459825471746366,Social/Cultural Issues,video,231931
1997528014335488410,Economy & Finance,video,194645
1997540576242372622,Celebrity / Entertainment / Viral,text,8003
1997545967739085304,Social/Cultural Issues,text,54052
1997564478712578387,Sports,image,93222
1997575926545371247,Other / Miscellaneous,image,15243
1997663938641604706,Politics & Elections,text,5077124
1997711116882046997,Politics & Elections,video,787817
1997713831372738865,Geopolitics & International Conflicts,image,141890
1997729811532271737,Health & Medicine,text,48847
1997747796829732902,Geopolitics & International Conflicts,text,90023
1997749150222368921,Politics & Elections,image,159169
1997767917900034521,Social/Cultural Issues,video,713042
1997774908537884911,Sports,video,8631
1997782463939047610,Politics & Elections,image,164853
1997810742784102643,Social/Cultural Issues,video,46043
1997946822002630918,Politics & Elections,video,13364
1997950239769293074,Science & Technology,image,254564
1998026906361295106,Geopolitics & International Conflicts,text,125024
1998026918591946865,Politics & Elections,text,2395762
1998030571466059953,Social/Cultural Issues,image,75807
1998032899501961374,Science & Technology,video,187421
1998044345409347991,Social/Cultural Issues,text,5253
1998045201995362532,Conspiracy & Pseudoscience,image,150323
1998048687759425912,Politics & Elections,image,169720
1998051339239149996,Economy & Finance,text,3041
1998054965085139097,Geopolitics & International Conflicts,video,3770706
1998077219243987345,Politics & Elections,text,144333
1998078878816858498,Celebrity / Entertainment / Viral,text,4362
1998100801143881825,Sports,video,18105
1998101177817325574,Social/Cultural Issues,image,114686
1998107066141974610,Social/Cultural Issues,text,483
1998148991096361300,Sports,text,11345
1998165248319103025,Geopolitics & International Conflicts,video,448429
1998170707717718090,Other / Miscellaneous,image,121482
1998244440117583991,Economy & Finance,image,4970
1998311066552406189,Social/Cultural Issues,text,68054
1998323418702168083,Politics & Elections,video,390249
1998376103627669981,Celebrity / Entertainment / Viral,video,8463
1998381526786970005,Geopolitics & International Conflicts,video,1757891
1998400760610951665,Geopolitics & International Conflicts,video,142056
1998408826681167966,Politics & Elections,text,836
1998432625409638768,Other / Miscellaneous,image,20422
1998438020329165049,Celebrity / Entertainment / Viral,video,156695
1998458205882531849,Celebrity / Entertainment / Viral,image,200627
1998464809050722491,Politics & Elections,text,637823
1998515382177665527,Sports,image,516637
1998518632343810416,Politics & Elections,text,8159754
1998528523804557622,Economy & Finance,image,271960
1998534115981709653,Politics & Elections,text,77912
1998543639375405164,Science & Technology,text,34985
1998597158065307688,Geopolitics & International Conflicts,image,196231
1998604926151254307,Geopolitics & International Conflicts,video,350875
1998650302455755238,Geopolitics & International Conflicts,video,121608
1998689195531862432,Other / Miscellaneous,video,2362725
1998712407103807741,Other / Miscellaneous,text,2048
1998739262066536889,Other / Miscellaneous,video,7138
1998739835863933311,Geopolitics & International Conflicts,image,15863
1998764177138081992,Economy & Finance,text,37298
1998779232768454666,Geopolitics & International Conflicts,video,1162
1998818995047379428,Celebrity / Entertainment / Viral,text,410
1998830295039254642,Celebrity / Entertainment / Viral,text,54419
1998837166944763956,Geopolitics & International Conflicts,text,8204
1998847833286521165,Celebrity / Entertainment / Viral,image,355885
1998855518530711622,Politics & Elections,text,584220
1998857451719000219,Health & Medicine,text,114095
1998868160582426781,Health & Medicine,video,5047
1998900947574206793,Politics & Elections,image,25167
1998936095497793599,Social/Cultural Issues,video,23404
1998994547888762989,Economy & Finance,text,8080
1998997958373843100,Celebrity / Entertainment / Viral,text,6294
1999013782157197438,Social/Cultural Issues,text,207981
1999029644050444361,Health & Medicine,text,10039
1999081528777928714,Politics & Elections,image,2654
1999101488224723061,Other / Miscellaneous,image,136063
1999131171423469879,Geopolitics & International Conflicts,image,13535
1999138306269876624,Geopolitics & International Conflicts,text,11111
1999181107187843416,Politics & Elections,image,1490663
1999186157893222694,Politics & Elections,text,1100768
1999191457744257315,Social/Cultural Issues,text,54730
1999198724522647917,Conspiracy & Pseudoscience,video,1175644
1999203010929373319,Politics & Elections,text,387950
1999232001870590411,Economy & Finance,image,70929
1999259977543045574,Economy & Finance,image,266
1999266785296875903,Politics & Elections,image,4145989
1999343175534538960,Celebrity / Entertainment / Viral,image,216604
1999358426799915255,Social/Cultural Issues,text,164853
1999411209091592666,Geopolitics & International Conflicts,video,91
1999457184195969266,Science & Technology,video,9906
1999472584300302540,Politics & Elections,text,6072
1999495245852242358,Social/Cultural Issues,text,5238874
1999496661186302243,Politics & Elections,text,4595758
1999518230453309543,Celebrity / Entertainment / Viral,image,1258
1999537761561231646,Celebrity / Entertainment / Viral,image,33775
1999550419664580713,Other / Miscellaneous,text,328
1999552007883853978,Celebrity / Entertainment / Viral,image,243375
1999568524503621790,Politics & Elections,image,4199
1999590084027339132,Social/Cultural Issues,text,19737
1999598651992096949,Other / Miscellaneous,text,27076
1999602615399616748,Celebrity / Entertainment / Viral,text,614
1999610078526099643,Other / Miscellaneous,video,216604
1999610342880739533,Celebrity / Entertainment / Viral,text,195556
1999611268873752785,Social/Cultural Issues,video,2134914
1999642345415844090,Sports,image,99023
1999651727457550635,Social/Cultural Issues,image,719914
1999673951270895916,Social/Cultural Issues,text,31384
1999717046012019168,Other / Miscellaneous,text,78
1999736244667056260,Economy & Finance,image,325989
1999745570597143041,Sports,text,1327
1999754182069543331,Politics & Elections,image,3007
1999773002511376450,Celebrity / Entertainment / Viral,image,828365
1999782286238371978,Social/Cultural Issues,image,138420
1999811697079365885,Politics & Elections,video,335012
1999833837225091330,Sports,image,29498
1999851424599994853,Politics & Elections,text,4072232
1999860367074418714,Other / Miscellaneous,image,48577
1999871857923956921,Social/Cultural Issues,text,483
1999890313683587443,Geopolitics & International Conflicts,text,14951163
1999961426614768092,Social/Cultural Issues,text,9916
1999972071502463363,Sports,image,1833529
2000008042956656749,Sports,image,14233
2000020651097366957,Celebrity / Entertainment / Viral,image,369
2000033663141003654,Other / Miscellaneous,image,110301
2000033920268599536,Social/Cultural Issues,image,23387
2000045885162758606,Celebrity / Entertainment / Viral,video,4506
2000140517556822070,Geopolitics & International Conflicts,text,17052
2000145125930844405,Politics & Elections,image,148467
2000148725898060083,Social/Cultural Issues,text,2874
2000151613248561264,Politics & Elections,video,160853
2000185329782063388,Social/Cultural Issues,video,241534
2000191352055939247,Economy & Finance,video,277678
2000194373309669403,Geopolitics & International Conflicts,video,30224
2000208615228280920,Sports,image,1419781
2000212071737368669,Celebrity / Entertainment / Viral,video,100475
2000212328399384977,Celebrity / Entertainment / Viral,image,17102
2000224849441268094,Celebrity / Entertainment / Viral,image,26159
2000226384409489539,Geopolitics & International Conflicts,text,23194
2000240849431806455,Geopolitics & International Conflicts,image,21561
2000247161888629002,Social/Cultural Issues,text,40044
2000248204634521841,Science & Technology,video,156833
2000262499854389283,Celebrity / Entertainment / Viral,image,186322
2000263760557080702,Geopolitics & International Conflicts,image,1929011
2000267540208193544,Politics & Elections,video,439564
2000286445261803810,Sports,video,2494
2000294317525774450,Economy & Finance,text,54618
2000298843334926760,Other / Miscellaneous,video,129936
2000300537426989277,Geopolitics & International Conflicts,video,43989
2000302569495969833,Social/Cultural Issues,text,1396
2000304361394856307,Other / Miscellaneous,image,2035
2000322328350110194,Social/Cultural Issues,video,29110
2000334103619784771,Social/Cultural Issues,text,111907
2000344819982295242,Other / Miscellaneous,text,3352
2000351371472834772,Politics & Elections,video,138419
2000389872822153241,Celebrity / Entertainment / Viral,image,155309
2000400167481004216,Geopolitics & International Conflicts,image,846618
2000400861693186104,Other / Miscellaneous,image,21561
2000413079394472187,Politics & Elections,text,201014
2000414131212501451,Celebrity / Entertainment / Viral,image,98297
2000420599001497791,Other / Miscellaneous,image,373
2000436203775205512,Social/Cultural Issues,text,20399
2000441768811380801,Celebrity / Entertainment / Viral,image,36344
2000522830857851346,Social/Cultural Issues,text,35042
2000578650366726601,Politics & Elections,text,108402
2000596715506667547,Other / Miscellaneous,text,68737633
2000597475103510639,Politics & Elections,image,4758934
2000636649118789877,Politics & Elections,text,2284472
2000637126694912130,Celebrity / Entertainment / Viral,image,1943
2000663783451021349,Celebrity / Entertainment / Viral,text,106996
2000665054983925812,Politics & Elections,image,4377
2000672213855306183,Politics & Elections,video,1195571
2000690199907418303,Other / Miscellaneous,image,2823
2000696369405890826,Other / Miscellaneous,video,3982207
2000700780446199864,Economy & Finance,image,36257
2000717661936730309,Politics & Elections,image,1143372
2000719053653004288,Social/Cultural Issues,text,508855
2000735628053393624,Geopolitics & International Conflicts,text,25754
2000740329612570771,Politics & Elections,text,1750
2000818015420735558,Geopolitics & International Conflicts,video,597418
2000833841532166659,Geopolitics & International Conflicts,video,81631
2000851215727648922,Social/Cultural Issues,text,130606
2000886974564196580,Economy & Finance,text,16944
2000893080308998402,Geopolitics & International Conflicts,video,7806
2000922438243381610,Sports,text,1511
2000933902693847216,Politics & Elections,text,494018
2000937710110806427,Economy & Finance,image,135769
2000948997561766356,Social/Cultural Issues,image,196230
2000973123370541086,Geopolitics & International Conflicts,image,1915398
2000985762620432834,Science & Technology,image,93299
2000991532556673442,Geopolitics & International Conflicts,image,44449
2001002704022462592,Conspiracy & Pseudoscience,video,1175644
2001040304053330209,Other / Miscellaneous,image,54449
2001063581396209949,Geopolitics & International Conflicts,video,57990
2001078699504890193,Celebrity / Entertainment / Viral,text,257012
2001095322265862315,Science & Technology,image,521384
2001095869546828122,Sports,text,364
2001109353047392612,Other / Miscellaneous,video,2362723
2001127951224508925,Geopolitics & International Conflicts,text,345590
2001180812473987488,Social/Cultural Issues,image,1920
2001231176493883779,Politics & Elections,video,19632
2001267742377230611,Geopolitics & International Conflicts,video,221924
2001272884522856731,Social/Cultural Issues,text,72306
2001334663751832049,Politics & Elections,text,1435313
2001341881779998893,Economy & Finance,image,309109
2001353398474678479,Geopolitics & International Conflicts,image,3229
2001357992785281032,Politics & Elections,image,78579
2001360151534801032,Science & Technology,image,25929
2001360494599582089,Other / Miscellaneous,video,4237
2001397347968844277,Geopolitics & International Conflicts,video,70826
2001425661810856057,Conspiracy & Pseudoscience,text,188388
2001431699607912743,Social/Cultural Issues,text,106275
2001456125196050532,Celebrity / Entertainment / Viral,text,116
2001458917365420539,Other / Miscellaneous,text,26
2001467431173157359,Politics & Elections,image,159169
2001472339465191480,Social/Cultural Issues,text,1980
2001490923558178859,Science & Technology,image,641401
2001512689164546125,Science & Technology,image,2125
2001514008483111325,Other / Miscellaneous,text,34687
2001531732152262748,Celebrity / Entertainment / Viral,text,7192
2001550347404251269,Politics & Elections,text,107484
2001574967801192866,Geopolitics & International Conflicts,image,259984
2001601691922088278,Geopolitics & International Conflicts,text,65365
2001603122788270288,Science & Technology,video,17342
2001611351953641543,Economy & Finance,image,8327
2001633021318107466,Politics & Elections,video,1159571
2001637519184855144,Social/Cultural Issues,video,378119
2001637865277858117,Economy & Finance,image,35218
2001659838712160562,Social/Cultural Issues,text,103779
2001666956957487552,Other / Miscellaneous,video,2034461
2001677246365401555,Other / Miscellaneous,video,13259893
2001733116906397849,Other / Miscellaneous,text,616
2001760841453162881,Science & Technology,image,711083
2001763599984087270,Other / Miscellaneous,text,189291
2001768559144472828,Science & Technology,video,1400467
2001772371615609196,Celebrity / Entertainment / Viral,image,354345
2001780775239487634,Politics & Elections,text,109858
2001783657296728390,Celebrity / Entertainment / Viral,image,1626
2001885513624752280,Celebrity / Entertainment / Viral,image,215745
2001918309374005586,Geopolitics & International Conflicts,image,94611
2001956674249085188,Social/Cultural Issues,video,592476
2001995607054098646,Geopolitics & International Conflicts,video,287780
2002011146212028904,Geopolitics & International Conflicts,video,367198
2002055078988136472,Politics & Elections,text,29808
2002091653289398392,Social/Cultural Issues,image,113003
2002100335574462498,Politics & Elections,text,1534
2002136486297149937,Social/Cultural Issues,text,161267
2002144373551870437,Politics & Elections,image,81881
2002145265076351310,Other / Miscellaneous,image,509986
2002161352362668324,Celebrity / Entertainment / Viral,text,61285
2002194232195625456,Politics & Elections,image,509986
2002238237503303718,Social/Cultural Issues,video,686496
2002314460132696490,Politics & Elections,video,1175644
2002354054446657998,Geopolitics & International Conflicts,image,208477
2002362612638425253,Social/Cultural Issues,text,105116
2002387004697297289,Science & Technology,text,6569
2002387667497988406,Other / Miscellaneous,text,226559
2002461500037083580,Geopolitics & International Conflicts,video,922540
2002487662956159348,Politics & Elections,image,76887
2002497870709338518,Sports,image,60870
2002548709352222914,AI generated content,image,4298
2002549177499463963,Other / Miscellaneous,image,3524818
2002594510615060613,Economy & Finance,text,226635
2002628831736443269,Other / Miscellaneous,video,91464
2002642091516834206,Social/Cultural Issues,text,580435
2002745035247525932,Social/Cultural Issues,image,114057
2002747753357836552,Politics & Elections,image,1757891
2002752876871926209,Geopolitics & International Conflicts,text,15154071
2002754916029186510,Health & Medicine,video,262143
2002758739972210817,Celebrity / Entertainment / Viral,image,9485
2002863032104530042,Other / Miscellaneous,image,67211
2002874926060257457,Celebrity / Entertainment / Viral,video,573576
2002886261745570253,Sports,video,9053
2002958580409155870,Other / Miscellaneous,text,105370
2002981856451662042,Other / Miscellaneous,image,1728
2002993049845268655,Other / Miscellaneous,image,28055
2003031736427716609,Geopolitics & International Conflicts,video,1915404
2003042767161950583,Science & Technology,image,460804
2003084010503684427,Politics & Elections,text,686496
2003100782615511343,Social/Cultural Issues,text,15150
2003134356173607092,Other / Miscellaneous,image,1929
2003134420887515313,Politics & Elections,text,95465
2003134433151631408,Sports,text,15145
2003169148139102711,Celebrity / Entertainment / Viral,text,216604
2003176980645314754,Social/Cultural Issues,text,1373
2003190512761872425,Other / Miscellaneous,image,90
2003194334645207076,Social/Cultural Issues,video,1757891
2003205701951496258,Social/Cultural Issues,text,32822
2003211233181552662,Other / Miscellaneous,image,107406
2003221730542887336,Social/Cultural Issues,text,54
2003223618323644851,Economy & Finance,video,66298
2003263026913214505,Sports,video,34556
2003312763532361757,Celebrity / Entertainment / Viral,image,919
2003331743743639638,Politics & Elections,video,391826
2003397559143006350,Politics & Elections,video,9417090
2003450671996051772,Health & Medicine,video,241535
2003459814576275814,Politics & Elections,text,301377
2003466664344731737,Science & Technology,image,82738
2003469441942864123,Celebrity / Entertainment / Viral,image,1812156
2003488037611942112,Politics & Elections,image,543121
2003490914061418747,Social/Cultural Issues,video,906015
2003497719789486404,Sports,image,76683
2003498071758688642,Social/Cultural Issues,video,114501
2003525780509458800,Social/Cultural Issues,text,24343
2003527493920211127,Economy & Finance,text,78964
2003533212824568187,Politics & Elections,image,84014
2003547075938824224,Celebrity / Entertainment / Viral,image,12081
2003550264498983241,Politics & Elections,text,49955
2003588310414012482,Politics & Elections,video,386736
2003589524052639869,Social/Cultural Issues,text,24194
2003598784987853157,Health & Medicine,text,5772
2003613055822004710,Health & Medicine,video,153984
2003651176064237853,Other / Miscellaneous,video,6707
2003697539955216752,Celebrity / Entertainment / Viral,image,911
2003704779814387829,Politics & Elections,video,84174
2003736339993494006,Social/Cultural Issues,text,194763
2003782894901448750,Sports,image,8631
2003790400734040299,Social/Cultural Issues,text,167138
2003811469553762800,Social/Cultural Issues,image,73353
2003818726832177630,Health & Medicine,video,277678
2003826155091370238,Celebrity / Entertainment / Viral,text,1079812
2003832108377370945,Social/Cultural Issues,text,2395763
2003858471641387250,Geopolitics & International Conflicts,image,163953
2003863453413585069,Social/Cultural Issues,text,3511
2003880880188895407,Economy & Finance,image,4254
2003905259799040162,Sports,text,6726
2003926676871209340,Celebrity / Entertainment / Viral,text,7322492
2003929649852694889,Celebrity / Entertainment / Viral,video,95831
2003947182135882055,Social/Cultural Issues,text,13774189
2003981784707645823,Politics & Elections,image,116939
2004004177979363496,Social/Cultural Issues,video,4472096
2004010205156433922,Science & Technology,image,339731
2004099090083356782,Economy & Finance,image,523759
2004125638266118514,Celebrity / Entertainment / Viral,text,4417
2004147282732523985,Other / Miscellaneous,image,5556
2004186617704280574,Politics & Elections,video,1195571
2004209012104221194,Economy & Finance,image,35711
2004212622850511015,Social/Cultural Issues,text,48367
2004258043953906004,Social/Cultural Issues,image,377802
2004258961810137279,Geopolitics & International Conflicts,image,637100
2004265883116490836,Politics & Elections,video,177916
2004268257885454593,Politics & Elections,video,52775
2004329290826223719,Social/Cultural Issues,video,6472
2004335140298973463,Sports,video,2560
2004385721344516480,Other / Miscellaneous,image,5384
2004386166381203923,Celebrity / Entertainment / Viral,video,1230537
2004423175078281543,Economy & Finance,image,357089
2004460808454263154,Health & Medicine,video,204793
2004462164103647556,Geopolitics & International Conflicts,video,206398
2004516537659503047,Economy & Finance,text,4251
2004551685906259979,Social/Cultural Issues,text,317655
2004552289827361228,Sports,text,643
2004554783693099313,Geopolitics & International Conflicts,image,4528
2004573403836305517,Social/Cultural Issues,video,281433
2004574311911432688,Social/Cultural Issues,image,1734511
2004576932554522916,Economy & Finance,text,320
2004579852213448934,Politics & Elections,text,1270324
2004598217728557154,Politics & Elections,image,150952
2004602250295968104,Sports,image,1222398
2004624054649528608,Health & Medicine,video,269534
2004629628980506904,Politics & Elections,text,133944
2004631379527827684,Social/Cultural Issues,image,20211
2004645748504494454,Politics & Elections,text,34
2004646485476909144,Politics & Elections,video,231705
2004672001068458085,Other / Miscellaneous,image,140659
2004703220950827010,Politics & Elections,text,301377
2004709563577032966,Social/Cultural Issues,video,221995
2004729452518117780,Conspiracy & Pseudoscience,image,10758
2004739695880929397,Social/Cultural Issues,text,65127
2004864648944714123,Celebrity / Entertainment / Viral,text,662175
2004912024204235147,Sports,image,28541541
2004961413216039207,Sports,video,12179
2004982121212117191,Celebrity / Entertainment / Viral,image,47123
2005019219298066810,Politics & Elections,text,37557
2005020338288296365,Celebrity / Entertainment / Viral,image,29163
2005036029481234750,Social/Cultural Issues,image,2526367
2005043843851555219,Geopolitics & International Conflicts,text,143725
2005067574317404502,Politics & Elections,video,32445
2005152664716451901,Social/Cultural Issues,video,77042
2005163618695102847,Politics & Elections,text,54618
2005243649194656163,Politics & Elections,text,2552472
2005270069824417844,Sports,image,22697
2005270279585779747,Sports,image,210537
2005271736435245405,Social/Cultural Issues,text,36422
2005283391869223175,Economy & Finance,image,371356
2005290198616441042,Sports,text,4984197
2005291861036954017,Economy & Finance,text,1442
2005293760939171859,Social/Cultural Issues,video,1390835
2005308428466700571,Social/Cultural Issues,text,1597461
2005325872031739919,Geopolitics & International Conflicts,text,492891
2005329285905891550,Other / Miscellaneous,text,40592
2005344328730956182,Social/Cultural Issues,video,2034461
2005354864407409006,Sports,text,12756
2005356127232708722,Politics & Elections,image,3915945
2005368429725843503,Politics & Elections,image,68774
2005376635386970584,Sports,video,1230537
2005387771045949786,Geopolitics & International Conflicts,video,431185
2005401661057933735,Politics & Elections,image,100962
2005458749931049337,Politics & Elections,image,471020
2005464559029727248,Health & Medicine,text,6523
2005638387529900159,Health & Medicine,text,57325
2005644623134314690,Other / Miscellaneous,text,6147
2005677666557698308,Social/Cultural Issues,video,15430
2005696566280028382,Politics & Elections,image,1350245
2005697127050273038,Sports,image,280142
2005747401831911595,Science & Technology,video,27259
2005763449557770529,AI generated content,image,124466
2005772278966202368,Social/Cultural Issues,text,13235
2005864374997770348,Social/Cultural Issues,text,93605
2005869773335257098,Social/Cultural Issues,text,9503
2005875894444016098,Other / Miscellaneous,video,15058
2005989179940036648,Celebrity / Entertainment / Viral,video,128828
2005990679697301669,Sports,image,18590
2006016157115908302,Other / Miscellaneous,image,46333
2006049301739274272,Celebrity / Entertainment / Viral,image,240011
2006090063466139985,Politics & Elections,image,55111
2006129151997096199,Geopolitics & International Conflicts,video,28817
2006147538676814325,Politics & Elections,video,772069
2006267135048478877,Social/Cultural Issues,video,141041
2006364964215505205,Politics & Elections,text,1739615
2006386988069613933,Other / Miscellaneous,video,1172738
2006412341898867128,Sports,image,402823
2006425566673858562,Other / Miscellaneous,image,1678954
2006439468304314771,Geopolitics & International Conflicts,text,85120
2006472932516835722,Other / Miscellaneous,image,1400467
2006498098215076161,Politics & Elections,text,1400467
2006508804884795729,Politics & Elections,text,30354
2006516862147076379,Geopolitics & International Conflicts,image,258900
2006559970268164499,Celebrity / Entertainment / Viral,video,34196
2006565696751415388,Politics & Elections,text,1593895
2006584370497536250,Social/Cultural Issues,video,1361955
2006588951101079970,Social/Cultural Issues,video,188847
2006614974597312661,Economy & Finance,text,55404
2006625795138363797,Other / Miscellaneous,video,31182
2006696816616907053,Celebrity / Entertainment / Viral,image,76475
2006712009849712892,Sports,image,940531
2006747638721556718,Social/Cultural Issues,video,256725
2006761522979360956,Geopolitics & International Conflicts,text,77632
2006767056260313369,Other / Miscellaneous,text,2455
2006781652954124288,Politics & Elections,video,3127
2006800739751137417,Celebrity / Entertainment / Viral,video,97935
2006823276656697598,Other / Miscellaneous,image,408
2006826689544990979,Social/Cultural Issues,text,17725
2006828761958986036,Politics & Elections,text,47882
2006829097268510800,Geopolitics & International Conflicts,text,8806
2006830442998280331,Sports,text,15872
2006833329228955721,Celebrity / Entertainment / Viral,image,69915
2006867471161241914,Other / Miscellaneous,text,885134
2006889516385403387,Sports,image,1421398
2006918453110923771,Other / Miscellaneous,text,169
2006927507065549002,Other / Miscellaneous,video,666782
2006988274196516970,Other / Miscellaneous,text,553891
2007004134743089186,Geopolitics & International Conflicts,image,20870
2007054769081532836,Geopolitics & International Conflicts,video,255698
2007056818581709307,Social/Cultural Issues,text,5064938
2007062819624423642,Other / Miscellaneous,video,19025
2007090601611632818,Celebrity / Entertainment / Viral,video,7614
2007102207884410982,Social/Cultural Issues,text,77977
2007122963062247590,Sports,video,238434
2007125879210807533,Celebrity / Entertainment / Viral,text,5312
2007144529284284836,Economy & Finance,text,17843
2007152662068777222,Other / Miscellaneous,text,5077124
2007183972456177956,Other / Miscellaneous,image,391522
2007195194807202019,Other / Miscellaneous,image,18604
2007201115549643037,Politics & Elections,text,997893
2007209197122056626,Other / Miscellaneous,video,11600
2007210490284605458,Social/Cultural Issues,image,5064005
2007342476731003147,Geopolitics & International Conflicts,text,906731
2007348264908267978,Sports,image,22781
2007357456608063582,Geopolitics & International Conflicts,image,201917
2007378854621655214,Celebrity / Entertainment / Viral,video,7675
2007382901785268282,Geopolitics & International Conflicts,image,1757897
2007386841390215226,Geopolitics & International Conflicts,image,106
2007433612354793690,Geopolitics & International Conflicts,video,100860
2007440559091466287,Science & Technology,image,29027
2007469477093413320,Politics & Elections,text,174502
2007476242493157868,Celebrity / Entertainment / Viral,text,12889
2007485954051969500,Politics & Elections,text,367153
2007496227068489950,Other / Miscellaneous,image,202929
2007503465736745180,Other / Miscellaneous,image,238131
2007510246307311892,Science & Technology,video,1541590
2007519706501062851,Geopolitics & International Conflicts,image,343182
2007538582056251527,Celebrity / Entertainment / Viral,image,5261
2007589927635030122,Other / Miscellaneous,text,694
2007601741580341760,Other / Miscellaneous,video,338206
2007642635549454799,Geopolitics & International Conflicts,text,286360
2007645854665191931,Geopolitics & International Conflicts,text,226868
2007691484322247101,Geopolitics & International Conflicts,text,300296
2007700577472672224,Politics & Elections,image,2729301
2007758961114767577,Geopolitics & International Conflicts,image,149209
2007786461249360118,Social/Cultural Issues,text,273
2007798064258400595,Politics & Elections,text,118764
2007846158597763224,Science & Technology,text,3365
2007849962915479853,Politics & Elections,text,340406
2007858508784615846,Other / Miscellaneous,image,29034
2007859512192246092,Sports,image,15150
2007865630574395656,Sports,text,1154955
2007879694348349667,Politics & Elections,image,805
2007879871293427886,Geopolitics & International Conflicts,video,4472096
2007883285775474824,Sports,image,1208123
2007885344554033583,Politics & Elections,text,3002554
2007905785721012242,Politics & Elections,text,164095
2007928818913386814,Geopolitics & International Conflicts,image,23119
2007938892608258099,Other / Miscellaneous,image,1440616
2007974894357958991,Politics & Elections,video,73838
2008001127183515805,Geopolitics & International Conflicts,text,65124
2008014842989359227,Politics & Elections,video,4472096
2008039858762293357,Geopolitics & International Conflicts,text,1035833
2008044177444008315,Celebrity / Entertainment / Viral,video,240011
2008111570489135561,Sports,text,57026
2008112768348774642,Celebrity / Entertainment / Viral,text,6951
2008121282458472747,Politics & Elections,video,1593895
2008139779859251551,Sports,image,1208123
2008162052658155574,Science & Technology,text,51417
2008183851802337656,Politics & Elections,video,1159570
2008199964074369042,Geopolitics & International Conflicts,text,225
2008229637332074725,Other / Miscellaneous,video,6971
2008232235673989381,Politics & Elections,text,3626986
2008241788385947914,Geopolitics & International Conflicts,image,231932
2008248058828734562,Politics & Elections,video,148466
2008257193582489725,Other / Miscellaneous,image,183762
2008297459462877513,Other / Miscellaneous,image,4282791
2008308479363051774,Politics & Elections,video,5238874
2008312026955682168,Other / Miscellaneous,video,145008
2008315544198615289,Sports,video,482297
2008319903166501178,AI generated content,video,589151
2008323432115511398,Politics & Elections,image,18145
2008323548545249388,Geopolitics & International Conflicts,video,494223
2008340380710768757,Sports,image,457518
2008419176789037501,AI generated content,video,52550
2008427528760050158,Health & Medicine,text,37
2008466791794962790,Sports,image,160256
2008473306270494783,Science & Technology,video,21539
2008529083198775657,Geopolitics & International Conflicts,video,21292
2008567885191414145,Economy & Finance,text,1766484
2008568638341820671,Sports,text,54106
2008613200539885768,Economy & Finance,image,40707
2008617491833012721,Politics & Elections,image,210707
2008643008145572337,Politics & Elections,video,371882
2008651157468815429,Other / Miscellaneous,text,1202
2008686551392231456,Politics & Elections,image,58436
2008708515138072686,Sports,text,11790
2008715824912363765,Conspiracy & Pseudoscience,image,406512
2008724826471756263,Geopolitics & International Conflicts,text,1273
2008760475375272267,Sports,image,7363072
2008817674470760617,Celebrity / Entertainment / Viral,image,68378
2008856178088886449,Celebrity / Entertainment / Viral,image,1429659
2008896386847408637,Other / Miscellaneous,video,1026427
2008905052983873580,Other / Miscellaneous,image,15119
2008909003254903291,Geopolitics & International Conflicts,text,1183919
2008932893792305622,Other / Miscellaneous,text,6038334
2008937801094455535,Health & Medicine,image,1673068
2008939683754201526,Social/Cultural Issues,text,180424
2008943849155289397,Science & Technology,video,2426
2008955741093417082,Celebrity / Entertainment / Viral,image,4632
2008966437952458924,Politics & Elections,text,292
2008966679230075076,Politics & Elections,text,4758934
2008971265047195745,Social/Cultural Issues,image,81880
2008980286240117054,Social/Cultural Issues,image,165764
2008982724447515064,Science & Technology,text,2501472
2008983695697580275,Politics & Elections,video,9460
2008986227643752762,Social/Cultural Issues,video,144409
2008986331649855553,Celebrity / Entertainment / Viral,image,1885994
2008989204475466146,Celebrity / Entertainment / Viral,image,3093981
2008990192368275931,Social/Cultural Issues,video,163897
2008995887415218454,Celebrity / Entertainment / Viral,text,12892
2008997026680504764,Other / Miscellaneous,image,828366
2009006073093738550,Social/Cultural Issues,video,18091
2009026082268434676,Sports,image,558
2009044974952964230,Politics & Elections,video,766535
2009052852040421518,Politics & Elections,text,9626
2009056709936074812,Politics & Elections,text,2539
2009059024722166245,Politics & Elections,video,2811282
2009066851503100255,Sports,image,21874
2009066899313971626,Politics & Elections,video,3553203
2009067528874537185,Celebrity / Entertainment / Viral,image,65234
2009134081640943717,Health & Medicine,text,17903
2009137264820146458,Celebrity / Entertainment / Viral,text,207984
2009165347392507930,Geopolitics & International Conflicts,video,390249
2009266189193658490,Celebrity / Entertainment / Viral,video,1875145
2009278919371805127,Politics & Elections,image,246160
2009297416458019335,Sports,text,28943
2009310046602018845,Politics & Elections,image,634474
2009325443846152674,Other / Miscellaneous,image,12665
2009344915487203639,Social/Cultural Issues,text,216397
2009346138034287012,Other / Miscellaneous,image,710089
2009356887817625993,Other / Miscellaneous,text,858
2009420760964587751,Politics & Elections,text,34700
2009482598549279102,Celebrity / Entertainment / Viral,image,6294
2009492842822160484,Celebrity / Entertainment / Viral,video,243345
2009493334734024794,Economy & Finance,image,103627
2009495399925760165,Other / Miscellaneous,video,415605
2009496867344928990,Social/Cultural Issues,video,453384
2009575408573034947,Politics & Elections,text,1054989
2009593565282992235,Politics & Elections,text,149
2009619040310862285,Politics & Elections,image,518680
2009622435784433982,Other / Miscellaneous,image,2030955
2009636953365660061,Geopolitics & International Conflicts,text,259292
2009639990318580043,Celebrity / Entertainment / Viral,video,64113
2009646780183724430,Social/Cultural Issues,text,14933
2009656542061048029,Politics & Elections,image,1035851
2009666105036677599,Health & Medicine,text,34974
2009685273102389483,Geopolitics & International Conflicts,text,1812123
2009686138395480136,Politics & Elections,text,5530738
2009688858036986310,Social/Cultural Issues,text,5530722
2009691103365398885,Other / Miscellaneous,text,17433
2009693582882681019,Social/Cultural Issues,video,1306247
2009695978182586592,Other / Miscellaneous,image,1479286
2009703496115990852,Social/Cultural Issues,text,1323695
2009705784297566671,Politics & Elections,text,447480
2009707260046368789,Economy & Finance,image,1628
2009710904976265267,Social/Cultural Issues,text,45283
2009723335312351650,Other / Miscellaneous,image,23224
2009724205001007156,Politics & Elections,image,1364932
2009735859646464145,Sports,image,34170
2009740646622384465,Other / Miscellaneous,image,584
2009762137451708478,Politics & Elections,video,2864
2009767386094744018,Politics & Elections,video,142991
2009781653724434754,Politics & Elections,text,2060299
2009801463065915420,Celebrity / Entertainment / Viral,image,4299
2009827033686147178,Sports,video,402823
2009832002426437806,Politics & Elections,image,81881
2009892967927165107,Social/Cultural Issues,image,45558
2009910825432252557,Geopolitics & International Conflicts,image,35490
2009989389301231815,Social/Cultural Issues,image,615
2009993459932058010,Social/Cultural Issues,image,142741
2010024405972193376,Other / Miscellaneous,image,43429
2010027862464835877,Other / Miscellaneous,text,13830
2010041030486438138,Social/Cultural Issues,image,347526
2010046289032184108,Politics & Elections,text,109858
2010058269931299031,Politics & Elections,text,1951796
2010059583600173212,Geopolitics & International Conflicts,text,112397
2010070248888664314,Geopolitics & International Conflicts,image,30800
2010077720118735152,Social/Cultural Issues,text,7083194
2010088179697889469,Social/Cultural Issues,text,180689
2010093495050985810,Geopolitics & International Conflicts,text,148490
2010100227316035773,Social/Cultural Issues,text,399073
2010123331526160570,Politics & Elections,text,149438
2010124446850597191,Geopolitics & International Conflicts,image,185761
2010126877495836929,Politics & Elections,video,1390837
2010133975713657309,Politics & Elections,text,260355
2010163577437729272,Geopolitics & International Conflicts,text,686788
2010202605054763286,Social/Cultural Issues,video,188391
2010232958251155621,Celebrity / Entertainment / Viral,image,207981
2010266225008619968,Social/Cultural Issues,video,580415
2010274492980121805,Geopolitics & International Conflicts,image,136279
2010280738852356178,Social/Cultural Issues,video,201917
2010283769346015526,Other / Miscellaneous,video,53858
2010292589392699591,Geopolitics & International Conflicts,video,65918
2010334863560454389,Geopolitics & International Conflicts,image,120707
2010387465140609515,Politics & Elections,text,142890
2010388245004071041,Social/Cultural Issues,text,57146
2010406479145107748,Celebrity / Entertainment / Viral,video,14935
2010414735104356853,Politics & Elections,image,885907
2010421610575241465,Sports,image,229385
2010421717819351179,Social/Cultural Issues,image,84140
2010426492904452240,Celebrity / Entertainment / Viral,image,4589
2010462541231821025,Celebrity / Entertainment / Viral,text,59646
2010463163972759889,Celebrity / Entertainment / Viral,image,55111
2010477715959226409,Social/Cultural Issues,video,20629
2010482588629037132,Geopolitics & International Conflicts,text,275977
2010484814655234197,Other / Miscellaneous,video,205435
2010564026913476883,Politics & Elections,text,176215
2010577246357241875,Geopolitics & International Conflicts,image,611101
2010578822958285074,Politics & Elections,text,65071
2010609067384045587,Other / Miscellaneous,image,110853
2010609121985478862,Politics & Elections,video,332156
2010616772387336621,Science & Technology,text,4428
2010654293393821894,Social/Cultural Issues,video,276399
2010695666666754337,Science & Technology,text,1696
2010699963467026684,Geopolitics & International Conflicts,video,865922
2010702328769479017,Geopolitics & International Conflicts,video,208478
2010734099032658165,Geopolitics & International Conflicts,text,5530738
2010775114133225686,Social/Cultural Issues,video,262143
2010783577164653054,Social/Cultural Issues,video,40789
2010786478524366942,Social/Cultural Issues,video,1390835
2010793165461340625,Politics & Elections,image,724368
2010804905095938156,Politics & Elections,image,332159
2010865468345893044,Geopolitics & International Conflicts,text,472767
2010904630545264741,Geopolitics & International Conflicts,text,57629
2010915394807017708,Social/Cultural Issues,text,256714
2010926416355799269,Other / Miscellaneous,image,1871
2011001691915583994,Politics & Elections,text,142890
2011040233622814908,Geopolitics & International Conflicts,text,21698
2011065914205311471,Economy & Finance,image,67925
2011077624551092444,Geopolitics & International Conflicts,video,206398
2011080614892466310,Social/Cultural Issues,image,329393
2011088742711447893,Social/Cultural Issues,image,1062944
2011098365094723865,Social/Cultural Issues,text,179728
2011104520462614998,Politics & Elections,image,350899
2011108013613134013,Other / Miscellaneous,video,235845
2011143031983112235,Science & Technology,image,3269
2011173895278379361,Celebrity / Entertainment / Viral,image,88535
2011243984379928678,Geopolitics & International Conflicts,text,829893
2011328778455458039,Geopolitics & International Conflicts,image,175101
2011334730424475843,Social/Cultural Issues,text,773
2011394218812686555,Geopolitics & International Conflicts,video,25768
2011398954680828236,Celebrity / Entertainment / Viral,image,509142
2011402486674780416,Social/Cultural Issues,text,111273
2011441784178827502,Social/Cultural Issues,image,483283
2011483587032293719,Social/Cultural Issues,image,231878
2011483700169753044,Geopolitics & International Conflicts,image,1050265
2011493838867874043,Economy & Finance,text,475351
2011498987896127912,Social/Cultural Issues,video,108855
2011505003446272326,Politics & Elections,text,2272928
2011511653431394452,Sports,image,53724658
2011519451020345523,Celebrity / Entertainment / Viral,video,589169
2011540250116710557,Politics & Elections,video,444552
2011546284478644619,Geopolitics & International Conflicts,text,15335
2011552305863369119,Geopolitics & International Conflicts,video,1633269
2011563910684664287,Politics & Elections,image,332156
2011588519156990417,Health & Medicine,video,38887
2011590031471955983,Politics & Elections,video,3218141
2011614398130073855,Celebrity / Entertainment / Viral,image,11074
2011703648900809027,Politics & Elections,image,350728
2011751267966824468,Economy & Finance,image,371356
2011752311136387393,Social/Cultural Issues,image,245848
2011762006878273927,Economy & Finance,image,409457
2011815462045360273,Geopolitics & International Conflicts,text,891463
2011832590496329899,Geopolitics & International Conflicts,image,438
2011839042476740865,Other / Miscellaneous,text,89
2011842286254985342,Economy & Finance,text,78964
2011847094538289232,Politics & Elections,image,122013
2011848721567301886,Geopolitics & International Conflicts,image,2426636
2011853250933223646,Social/Cultural Issues,video,21923769
2011912436761186634,Politics & Elections,text,7191
2011927011917209861,Social/Cultural Issues,image,189
2011931747685187834,Other / Miscellaneous,image,138870
2011935448470601912,Celebrity / Entertainment / Viral,text,1860133
2012001957754409302,Geopolitics & International Conflicts,text,686784
2012002653874896958,Celebrity / Entertainment / Viral,image,6626
2012104571607498826,Politics & Elections,video,286956
2012124485135290534,Other / Miscellaneous,text,13941
2012176167566991441,Geopolitics & International Conflicts,text,2182576
2012187865208541507,Geopolitics & International Conflicts,video,162735
2012202324991635495,Politics & Elections,video,3002554
2012226525089673620,Other / Miscellaneous,video,65430
2012240600683212862,Celebrity / Entertainment / Viral,image,58356
2012242535117189528,Celebrity / Entertainment / Viral,video,779
2012267082201563323,Social/Cultural Issues,image,32636
2012267667286012258,Politics & Elections,text,71968
2012274711032377844,Science & Technology,video,5804182
2012296107057881465,Other / Miscellaneous,image,79181
2012315655970656502,Sports,image,4875
2012336846261321864,Geopolitics & International Conflicts,video,332156
2012348657723404543,Health & Medicine,image,376389
2012382168245317996,Sports,image,16005
2012390677196267782,Geopolitics & International Conflicts,video,559045
2012401024284102705,Social/Cultural Issues,video,39195
2012479238889251310,Other / Miscellaneous,text,151695
2012484664900948091,Economy & Finance,text,449
2012495770457673859,Geopolitics & International Conflicts,image,3770706
2012497862832095662,Sports,text,1433
2012517170131911004,Geopolitics & International Conflicts,text,2511490
2012541707695407166,Economy & Finance,image,42121
2012550031132316010,Politics & Elections,text,3003
2012565627790053381,Sports,text,123075
2012608782593827232,Geopolitics & International Conflicts,text,1716549
2012625560514502745,Politics & Elections,text,72171
2012625630332846388,Geopolitics & International Conflicts,video,313359
2012632329282277798,Politics & Elections,text,399066
2012632397884322292,Geopolitics & International Conflicts,text,8911741
2012637765356093770,Science & Technology,text,55899
2012668334563643698,Social/Cultural Issues,text,100716
2012675308244082905,Politics & Elections,video,313359
2012686354002432430,Sports,text,19549
2012748868602253333,Other / Miscellaneous,video,3524818
2012782388611350983,Science & Technology,video,482297
2012852715039174835,Social/Cultural Issues,text,5306255
2012896439119286451,Celebrity / Entertainment / Viral,image,2435924
2012900162432053365,Sports,video,150985
2012942428198555894,Geopolitics & International Conflicts,text,141358
2012950806446674020,Geopolitics & International Conflicts,image,304846
2012979682912686502,Other / Miscellaneous,image,14270
2012983321471385790,Economy & Finance,text,136749
2013017277549920632,Politics & Elections,image,22012
2013033653840880006,Other / Miscellaneous,text,521909
2013046261276930504,Other / Miscellaneous,image,79449
2013090930979479863,Social/Cultural Issues,text,11573
2013108695367143908,Social/Cultural Issues,video,2362723
2013193679272288717,Politics & Elections,image,65188
2013217436405834228,Politics & Elections,image,392030
2013230207994581103,Celebrity / Entertainment / Viral,image,1559172
2013233675110879531,Sports,image,229387
2013245270843416970,Politics & Elections,text,487256
2013251140733865994,Politics & Elections,video,2167205
2013256803174199359,Sports,image,17469
2013257655255502860,Politics & Elections,text,1490663
2013264026889777551,Social/Cultural Issues,text,21577
2013265259134337027,Other / Miscellaneous,image,265846
2013280448412094975,Sports,image,130251
2013282653445804386,Geopolitics & International Conflicts,image,197329
2013286217240948992,Social/Cultural Issues,image,1757897
2013305487714853281,Geopolitics & International Conflicts,image,1822
2013308061146906840,Other / Miscellaneous,image,1651851
2013323994464952802,Geopolitics & International Conflicts,image,38077
2013337639135428868,Politics & Elections,image,218219
2013342261526811048,Celebrity / Entertainment / Viral,text,1782
2013390379777745364,Geopolitics & International Conflicts,image,127188
2013448785775440153,Politics & Elections,text,1462433
2013478880288317630,Celebrity / Entertainment / Viral,text,267
2013507727251907032,Health & Medicine,text,115387
2013579831644926441,Politics & Elections,image,148718
2013590805802348984,Geopolitics & International Conflicts,image,139833
2013592393061220807,Social/Cultural Issues,video,308780
2013603434159632606,Politics & Elections,text,3880545
2013630385435902199,Politics & Elections,image,3204
2013643377120587985,Politics & Elections,image,71338
2013652545575756149,Social/Cultural Issues,text,41711
2013659421763604923,Economy & Finance,text,432889
2013691895315124384,Health & Medicine,image,123791
2013710623738327232,Politics & Elections,video,112792
2013720689698886142,Other / Miscellaneous,video,986094
2013760245298864477,Conspiracy & Pseudoscience,text,51854
2013765476044644495,Politics & Elections,text,4072241
2013777533431664661,Social/Cultural Issues,text,17694
2013833006570475706,Geopolitics & International Conflicts,video,131677
2013871897465819540,Social/Cultural Issues,video,169625
2013928738002501842,Conspiracy & Pseudoscience,video,571122
2013975479645352031,Health & Medicine,text,5863
2013981356737331495,Politics & Elections,text,42399
2013988991679266946,Politics & Elections,text,17670
2013989966959853857,Other / Miscellaneous,image,3025
2014025992159846463,Social/Cultural Issues,video,3238
2014034805323698499,Sports,text,22428
2014035294249533912,Celebrity / Entertainment / Viral,image,102202
2014055619183956196,Social/Cultural Issues,image,3486
2014078481487810889,Geopolitics & International Conflicts,image,9160
2014091139888939031,Celebrity / Entertainment / Viral,video,245848
2014200275616035040,Celebrity / Entertainment / Viral,text,8884883
2014217696661938598,Social/Cultural Issues,video,170191
2014231735152844899,Politics & Elections,text,702214
2014321146465030364,Health & Medicine,image,482379
2014336016807596493,Celebrity / Entertainment / Viral,image,6359689
2014342198892867773,Politics & Elections,video,17483
2014366411125129512,Sports,text,11732827
2014367511207199022,Science & Technology,video,39980
2014368827581124685,Politics & Elections,image,2610380
2014383540259938681,Politics & Elections,text,68774
2014418252529557544,Other / Miscellaneous,text,152985
2014431277621903666,Politics & Elections,video,12851
2014433957895356629,Social/Cultural Issues,image,34354
2014435066932342874,Politics & Elections,video,45649
2014437275984179327,Politics & Elections,image,242
2014445613497065776,Social/Cultural Issues,video,100804
2014448899004440990,Politics & Elections,image,1734
2014449298096980197,Politics & Elections,video,1502365
2014449491953225968,Economy & Finance,video,110218
2014450134734827824,Politics & Elections,text,122055
2014458313438597478,Geopolitics & International Conflicts,image,1050264
2014460046139392232,Sports,image,5583
2014469851163598893,Economy & Finance,text,26590
2014529229275222322,Social/Cultural Issues,text,423494
2014533261230309793,Social/Cultural Issues,image,80
2014540898135375947,Other / Miscellaneous,image,338206
2014550659161330159,Social/Cultural Issues,video,4758943
2014551355428421651,Other / Miscellaneous,image,50047
2014563463553601956,Other / Miscellaneous,video,32945
2014617933641617751,Science & Technology,image,381444
2014647798952513590,Sports,image,1537542
2014682024481783841,Other / Miscellaneous,image,3395
2014722689777221827,Politics & Elections,image,246160
2014734875354407033,Politics & Elections,text,1696
2014735487043268680,Sports,image,13681
2014736559862685732,Other / Miscellaneous,text,30581
2014741265116536864,Social/Cultural Issues,text,3401
2014742299847135537,Celebrity / Entertainment / Viral,video,675
2014764310409707734,AI generated content,video,52968
2014797717151555758,Politics & Elections,text,12873
2014826028602909077,Sports,image,34558
2014841137802969216,Politics & Elections,video,199578
2014854410308866311,Other / Miscellaneous,video,1195571
2014888196061200573,Politics & Elections,video,334861
2014901628810465296,Other / Miscellaneous,video,3524822
2014916639326662957,Geopolitics & International Conflicts,text,66295
2014958302715625688,Geopolitics & International Conflicts,text,3732
2015035303531290644,Other / Miscellaneous,image,137624
2015061522871988367,Celebrity / Entertainment / Viral,text,206146
2015072144783184184,Geopolitics & International Conflicts,text,315599
2015117455727927662,Social/Cultural Issues,video,515787
2015122857983127925,Other / Miscellaneous,video,1012800
2015124347921510402,Politics & Elections,video,1390835
2015136145462407221,Other / Miscellaneous,image,3304
2015139609701707780,Sports,text,1783605
2015143800436359191,Sports,image,1730833
2015162139200393555,Sports,text,67709
2015162788793156007,Politics & Elections,image,611101
2015171940277772799,Politics & Elections,text,2454263
2015189724739113083,Social/Cultural Issues,text,516617
2015212186608570656,Social/Cultural Issues,text,279266
2015226889179369712,Other / Miscellaneous,image,16396
2015248524963610933,Social/Cultural Issues,image,582069
2015251140032528659,Politics & Elections,video,1757891
2015266488387522882,Social/Cultural Issues,text,513929
2015270559420960904,Social/Cultural Issues,video,304016
2015286319891480685,Politics & Elections,text,315
2015287706171961414,Celebrity / Entertainment / Viral,video,6982
2015298989021868504,Social/Cultural Issues,text,872560
2015302778034299144,Other / Miscellaneous,image,68248
2015303204150591913,Politics & Elections,text,532162
2015323114998042948,Celebrity / Entertainment / Viral,image,571
2015347424441614780,Geopolitics & International Conflicts,image,30074
2015401010219360383,Celebrity / Entertainment / Viral,image,2223
2015405965193966030,Social/Cultural Issues,image,142741
2015423704444834039,Politics & Elections,video,144595
2015454724938498526,Other / Miscellaneous,image,307105
2015455167047696590,Social/Cultural Issues,text,55809
2015486653725344248,Social/Cultural Issues,text,3494721
2015491397508554913,Sports,image,35098
2015493953160704046,Celebrity / Entertainment / Viral,image,2009911
2015495247334354994,Other / Miscellaneous,image,13123
2015495548762034519,Geopolitics & International Conflicts,image,532455
2015496040896492010,Social/Cultural Issues,text,3886
2015496648797958464,Other / Miscellaneous,text,13923
2015511836343386451,Celebrity / Entertainment / Viral,video,5666
2015536935146574153,Other / Miscellaneous,text,431777
2015550878313283930,Social/Cultural Issues,image,29034
2015550974723527080,Social/Cultural Issues,text,672603
2015552924093460943,Sports,image,79220
2015565208480276939,Other / Miscellaneous,image,27290
2015580221592805523,Geopolitics & International Conflicts,image,10365
2015587373552136387,Sports,text,3419
2015591961118281774,Celebrity / Entertainment / Viral,text,900005
2015605799595241782,Other / Miscellaneous,text,607755
2015610135058722974,Science & Technology,image,9137
2015673558744105114,Other / Miscellaneous,video,649019
2015682467450216831,Sports,image,15340
2015684488702112170,Geopolitics & International Conflicts,video,3524818
2015686006901707052,Health & Medicine,video,10151790
2015750793639408017,Politics & Elections,image,922942
2015766200182259735,Health & Medicine,video,1550205
2015770580512116962,Politics & Elections,image,157580
2015775657364488195,Sports,text,7434
2015833199180472544,Politics & Elections,image,9513
2015875758820860219,Geopolitics & International Conflicts,image,56700
2015877392410022235,Social/Cultural Issues,text,153685
2015889498975134092,Politics & Elections,image,38838
2015912461107368263,Science & Technology,image,91423
2015913485272543545,Celebrity / Entertainment / Viral,text,140
2015920198658974050,Celebrity / Entertainment / Viral,text,39162
2015931419919331737,Politics & Elections,text,2247
2015939758858371393,Politics & Elections,text,115143
2015966463254028403,Politics & Elections,video,67484
2016035163759681649,Other / Miscellaneous,image,308384
2016074738989232170,Sports,image,286
2016077568860955079,Geopolitics & International Conflicts,text,38314
2016133927350538290,Geopolitics & International Conflicts,text,3995
2016150043057602882,Social/Cultural Issues,text,2344436
2016166710991048849,Geopolitics & International Conflicts,image,218635
2016169072350617672,Other / Miscellaneous,text,7816820
2016182159262769472,Celebrity / Entertainment / Viral,image,1734
2016184745273471407,Social/Cultural Issues,text,162763
2016187536842830228,Politics & Elections,text,74034
2016208722616258766,Sports,text,37124
2016209436763721766,Social/Cultural Issues,video,240189
2016232326393401765,Celebrity / Entertainment / Viral,video,313367
2016248895924277553,Economy & Finance,text,5306249
2016286866417287674,Politics & Elections,video,5064097
2016297310079131693,Politics & Elections,text,862012
2016302286620737540,Economy & Finance,text,26751
2016345707628593427,Politics & Elections,image,1593894
2016415949453148449,Social/Cultural Issues,image,417192
2016480990806319211,Geopolitics & International Conflicts,image,10101
2016487445286588846,Celebrity / Entertainment / Viral,text,12222
2016497562757296514,Politics & Elections,text,4081192
2016520494623690777,Politics & Elections,video,1216553
2016526243513127350,Sports,text,3869129
2016547394377138597,Politics & Elections,text,301377
2016568512437748144,Geopolitics & International Conflicts,video,11518
2016608526853181871,Politics & Elections,video,295904
2016610715075809552,Social/Cultural Issues,video,141609
2016622115768741997,Other / Miscellaneous,image,153685
2016629910857494889,Celebrity / Entertainment / Viral,text,5161
2016633330377380119,Politics & Elections,image,9043
2016661266270433492,Other / Miscellaneous,text,7840
2016676795794268353,Politics & Elections,image,940283
2016735368578568285,Geopolitics & International Conflicts,text,571122
2016756976059896024,Sports,video,9077
2016866038294470801,Sports,image,12933
2016880569087316275,Conspiracy & Pseudoscience,video,354506
2016900969217265942,Celebrity / Entertainment / Viral,text,59342
2016911141927043486,Other / Miscellaneous,video,408163
2016932262462243082,Politics & Elections,image,143002
2016942651644195308,Social/Cultural Issues,text,1593895
2016955534696743162,Economy & Finance,video,1074854
2016955961475203087,Science & Technology,image,62919
2016968789703753803,Other / Miscellaneous,text,366
2016984103640309859,Politics & Elections,image,8512
2017002128225525897,Social/Cultural Issues,image,12054
2017003338466841047,Sports,text,330
2017080578189721973,AI generated content,video,230184
2017083214171340968,Other / Miscellaneous,text,84589
2017152126066004153,Health & Medicine,video,376389
2017221428546847162,Politics & Elections,video,8764
2017272331274444908,Politics & Elections,text,21601
2017272360378786031,Politics & Elections,text,5465
2017289163133890645,Politics & Elections,video,46950
2017318190863327521,Celebrity / Entertainment / Viral,image,215887
2017341753540436284,Celebrity / Entertainment / Viral,image,25273
2017378587910017063,Sports,image,141941
2017378663059099861,Social/Cultural Issues,image,65739
